<?xml version="1.0" encoding="UTF-8" ?>
<!DOCTYPE struts PUBLIC "-//Apache Software Foundation//DTD Struts Configuration 2.1//EN" "http://struts.apache.org/dtds/struts-2.1.dtd">
<struts>
	<!-- action -->
	
<!-- 	<package name="indexManage" namespace="/" extends="struts-default"> -->
<!-- 		<action name="im" class="IndexAction"> -->
<!-- 			<result name="success">index.jsp</result> -->
<!-- 			<result name="error">register.jsp</result> -->
<!-- 		</action> -->
<!-- 	</package> -->

	<package name="usersManage" namespace="/" extends="struts-default">
		<action name="im" class="IndexAction">
			<result name="success">index.jsp</result>
			<result name="error">register.jsp</result>
		</action>
		<action name="um" class="UsersAction">
			<result name="logsuccess" type="chain">
				<param name="actionName">im</param>
				<param name="method">LoadInfo</param>
			</result>
			<result name="regsuccess" type="chain">
				<param name="actionName">im</param>
				<param name="method">LoadInfo</param>
			</result>
			<result name="sellrentlogsuccess" type="chain">
			   <param name="actionName">um</param>
			   <param name="method">closeLayer</param>
			</result>
			<result name="sellrenterror" type="chain">	   
			<param name="actionName">um</param>
			   <param name="method">logerror</param>
		</result>
			
			<result name="error">register.jsp</result>
			<result name="signout" type="chain">
				<param name="actionName">im</param>
				<param name="method">LoadInfo</param>
			</result>
		</action>
	</package>



	<package name="houseManage" namespace="/" extends="struts-default">
		<action name="rm" class="HouseSellRentAction">
			<result name="success">index.jsp</result>
			<result name="error">testOutput.jsp</result>
			<result name="postSuccess" type="chain">
		    	<param name="actionName">rm</param>
				<param name="method">closeLayer</param>
			</result>
			<result name="uploadempty">index.jsp</result>
		</action>
		<action name="nm" class="HouseSellEnterpriseAction">
			<result name="success">index.jsp</result>
			<result name="error">testOutput.jsp</result>
		</action>
		<action name="om" class="HouseSellSecondhandAction">
			<result name="success">index.jsp</result>
			<result name="error">testOutput.jsp</result>
		</action>
	</package>




</struts>    
