<?xml version="1.0" encoding="utf-8"?>
<!DOCTYPE hibernate-mapping PUBLIC "-//Hibernate/Hibernate Mapping DTD 3.0//EN"
"http://hibernate.sourceforge.net/hibernate-mapping-3.0.dtd">
<!-- 
    Mapping file autogenerated by MyEclipse Persistence Tools
-->
<hibernate-mapping>
    <class name="com.chinasoft.pojo.Administrator" table="Administrator" schema="dbo" catalog="RealEstate">
        <id name="account" type="java.lang.String">
            <column name="account" length="20" />
            <generator class="native" />
        </id>
        <property name="pwd" type="java.lang.String">
            <column name="pwd" length="32" not-null="true" />
        </property>
        <property name="name" type="java.lang.String">
            <column name="name" length="20" not-null="true" />
        </property>
        <property name="tele" type="java.lang.String">
            <column name="tele" length="20" />
        </property>
        <property name="email" type="java.lang.String">
            <column name="email" />
        </property>
    </class>
</hibernate-mapping>
