<?xml version="1.0" encoding="utf-8"?>
<!DOCTYPE hibernate-mapping PUBLIC "-//Hibernate/Hibernate Mapping DTD 3.0//EN"
"http://hibernate.sourceforge.net/hibernate-mapping-3.0.dtd">
<!-- 
    Mapping file autogenerated by MyEclipse Persistence Tools
-->
<hibernate-mapping>
    <class name="com.chinasoft.pojo.Advertisement" table="Advertisement" schema="dbo" catalog="RealEstate">
        <id name="id" type="java.lang.Integer">
            <column name="id" />
            <generator class="native" />
        </id>
        <property name="UId" type="java.lang.Integer">
            <column name="U_id" />
        </property>
        <property name="UType" type="java.lang.Integer">
            <column name="U_type" />
        </property>
        <property name="adContent" type="java.lang.String">
            <column name="Ad_content" not-null="true" />
        </property>
        <property name="adCost" type="java.lang.Integer">
            <column name="Ad_cost" not-null="true" />
        </property>
        <property name="adDate" type="java.lang.String">
            <column name="Ad_date" length="20" />
        </property>
    </class>
</hibernate-mapping>
