<?xml version="1.0" encoding="utf-8"?>
<!DOCTYPE hibernate-mapping PUBLIC "-//Hibernate/Hibernate Mapping DTD 3.0//EN"
"http://hibernate.sourceforge.net/hibernate-mapping-3.0.dtd">
<!-- 
    Mapping file autogenerated by MyEclipse Persistence Tools
-->
<hibernate-mapping>
    <class name="com.chinasoft.pojo.Comment" table="Comment" schema="dbo" catalog="RealEstate">
        <id name="id" type="java.lang.Integer">
            <column name="id" />
            <generator class="native" />
        </id>
        <many-to-one name="users" class="com.chinasoft.pojo.Users" fetch="select">
            <column name="U_id" not-null="true" />
        </many-to-one>
        <property name="HId" type="java.lang.Integer">
            <column name="H_id" not-null="true" />
        </property>
        <property name="CType" type="java.lang.Integer">
            <column name="C_Type" not-null="true" />
        </property>
        <property name="comment" type="java.lang.String">
            <column name="comment" not-null="true" />
        </property>
        <property name="cdate" type="java.lang.String">
            <column name="CDate" length="20" />
        </property>
    </class>
</hibernate-mapping>
