<?xml version="1.0" encoding="utf-8"?>
<!DOCTYPE hibernate-mapping PUBLIC "-//Hibernate/Hibernate Mapping DTD 3.0//EN"
"http://hibernate.sourceforge.net/hibernate-mapping-3.0.dtd">
<!-- 
    Mapping file autogenerated by MyEclipse Persistence Tools
-->
<hibernate-mapping>
    <class name="com.chinasoft.pojo.EnterpriseUsers" table="Enterprise_Users" schema="dbo" catalog="RealEstate">
        <id name="UId" type="java.lang.Integer">
            <column name="U_id" />
            <generator class="native" />
        </id>
        <property name="UAccount" type="java.lang.String">
            <column name="U_account" not-null="true" />
        </property>
        <property name="UPwd" type="java.lang.String">
            <column name="U_pwd" not-null="true" />
        </property>
        <property name="UName" type="java.lang.String">
            <column name="U_name" not-null="true" />
        </property>
        <property name="UInfo" type="java.lang.String">
            <column name="U_info" />
        </property>
        <property name="UHeader" type="java.lang.String">
            <column name="U_header" />
        </property>
        <property name="UAddr" type="java.lang.String">
            <column name="U_addr" />
        </property>
        <property name="UValidation" type="java.lang.Integer">
            <column name="U_validation" />
        </property>
        <property name="UTele" type="java.lang.String">
            <column name="U_Tele" length="20" />
        </property>
        <property name="UEmail" type="java.lang.String">
            <column name="U_Email" />
        </property>
        <set name="houseSellEnterprises" inverse="true">
            <key>
                <column name="U_id" not-null="true" />
            </key>
            <one-to-many class="com.chinasoft.pojo.HouseSellEnterprise" />
        </set>
    </class>
</hibernate-mapping>
