<?xml version="1.0" encoding="utf-8"?>
<!DOCTYPE hibernate-mapping PUBLIC "-//Hibernate/Hibernate Mapping DTD 3.0//EN"
                                   "http://hibernate.sourceforge.net/hibernate-mapping-3.0.dtd">
<!-- 
    Mapping file autogenerated by MyEclipse Persistence Tools
-->
<hibernate-mapping default-lazy="false">
 <class catalog="RealEstate" name="com.chinasoft.pojo.HouseType"
  schema="dbo" table="HouseType">
  <id name="htypeId" type="java.lang.Integer">
   <column name="HType_id"/>
   <generator class="native"/>
  </id>
  <property generated="never" lazy="false" name="name" type="java.lang.String">
   <column name="name" not-null="true"/>
  </property>
  <property generated="never" lazy="false" name="remark" type="java.lang.String">
   <column name="Remark"/>
  </property>
  <set inverse="true" name="houseSellRents" sort="unsorted" lazy="false">
   <key>
    <column name="HType_id" not-null="true"/>
   </key>
   <one-to-many class="com.chinasoft.pojo.HouseSellRent"/>
  </set>
  <set inverse="true" name="houseSellSecondhands" sort="unsorted" lazy="false">
   <key>
    <column name="HType_id" not-null="true"/>
   </key>
   <one-to-many class="com.chinasoft.pojo.HouseSellSecondhand"/>
  </set>
  <set inverse="true" name="houseBuyRents" sort="unsorted" lazy="false">
   <key>
    <column name="HType_id" not-null="true"/>
   </key>
   <one-to-many class="com.chinasoft.pojo.HouseBuyRent"/>
  </set>
  <set inverse="true" name="houseBuyRequests" sort="unsorted">
   <key>
    <column name="HType_id" not-null="true"/>
   </key>
   <one-to-many class="com.chinasoft.pojo.HouseBuyRequest"/>
  </set>
  <set inverse="true" name="houseSellEnterprises" sort="unsorted" lazy="false">
   <key>
    <column name="HType_id" not-null="true"/>
   </key>
   <one-to-many class="com.chinasoft.pojo.HouseSellEnterprise" />
  </set>
 </class>
</hibernate-mapping>
