<?xml version="1.0" encoding="utf-8"?>
<!DOCTYPE hibernate-mapping PUBLIC "-//Hibernate/Hibernate Mapping DTD 3.0//EN"
"http://hibernate.sourceforge.net/hibernate-mapping-3.0.dtd">
<!-- 
    Mapping file autogenerated by MyEclipse Persistence Tools
-->
<hibernate-mapping>
    <class name="com.chinasoft.pojo.HouseSellEnterprise" table="House_Sell_Enterprise" schema="dbo" catalog="RealEstate">
        <id name="HId" type="java.lang.Integer">
            <column name="H_id" />
            <generator class="native" />
        </id>
        <many-to-one name="region" class="com.chinasoft.pojo.Region" fetch="select">
            <column name="Region_id" not-null="true" />
        </many-to-one>
        <many-to-one name="houseType" class="com.chinasoft.pojo.HouseType" fetch="select">
            <column name="HType_id" not-null="true" />
        </many-to-one>
        <many-to-one name="enterpriseUsers" class="com.chinasoft.pojo.EnterpriseUsers" fetch="select">
            <column name="U_id" not-null="true" />
        </many-to-one>
        <property name="title" type="java.lang.String">
            <column name="Title" />
        </property>
        <property name="pics" type="java.lang.String">
            <column name="Pics" />
        </property>
        <property name="totalNum" type="java.lang.Integer">
            <column name="TotalNum" />
        </property>
        <property name="selledNum" type="java.lang.Integer">
            <column name="SelledNum" />
        </property>
        <property name="addr" type="java.lang.String">
            <column name="Addr" />
        </property>
        <property name="openingDate" type="java.lang.String">
            <column name="Opening_date" length="20" />
        </property>
        <property name="finishDate" type="java.lang.String">
            <column name="Finish_date" length="20" />
        </property>
        <property name="price" type="java.lang.String">
            <column name="Price" not-null="true" />
        </property>
        <property name="downpayment" type="java.lang.String">
            <column name="Downpayment" />
        </property>
        <property name="mainType" type="java.lang.String">
            <column name="MainType" />
        </property>
        <property name="size" type="java.lang.String">
            <column name="Size" />
        </property>
        <property name="buildingName" type="java.lang.String">
            <column name="Building_name" />
        </property>
        <property name="developerName" type="java.lang.String">
            <column name="Developer_name" />
        </property>
        <property name="planningNum" type="java.lang.Integer">
            <column name="Planning_num" />
        </property>
        <property name="parkingNum" type="java.lang.Integer">
            <column name="Parking_num" />
        </property>
        <property name="manaFee" type="java.lang.Double">
            <column name="Mana_fee" precision="53" scale="0" />
        </property>
        <property name="propertyName" type="java.lang.String">
            <column name="Property_name" />
        </property>
        <property name="greeningRate" type="java.lang.Double">
            <column name="Greening_rate" precision="53" scale="0" />
        </property>
        <property name="builtupArea" type="java.lang.Double">
            <column name="Builtup_area" precision="53" scale="0" />
        </property>
        <property name="langArea" type="java.lang.Double">
            <column name="Lang_area" precision="53" scale="0" />
        </property>
        <property name="hauthenticity" type="java.lang.Integer">
            <column name="HAuthenticity" not-null="true" />
        </property>
        <property name="remark" type="java.lang.String">
            <column name="Remark" />
        </property>
      
    </class>
</hibernate-mapping>
