<?xml version="1.0" encoding="utf-8"?>
<!DOCTYPE hibernate-mapping PUBLIC "-//Hibernate/Hibernate Mapping DTD 3.0//EN"
"http://hibernate.sourceforge.net/hibernate-mapping-3.0.dtd">
<!-- 
    Mapping file autogenerated by MyEclipse Persistence Tools
-->
<hibernate-mapping>
    <class name="com.chinasoft.pojo.HouseBuyRequest" table="House_Buy_Request" schema="dbo" catalog="RealEstate">
        <id name="HId" type="java.lang.Integer">
            <column name="H_id" />
            <generator class="native" />
        </id>
        <many-to-one name="region" class="com.chinasoft.pojo.Region" fetch="select">
            <column name="Region_id" not-null="true" />
        </many-to-one>
        <many-to-one name="houseType" class="com.chinasoft.pojo.HouseType" fetch="select">
            <column name="HType_id" not-null="true" />
        </many-to-one>
        <property name="UId" type="java.lang.Integer">
            <column name="U_id" not-null="true" />
        </property>
        <property name="title" type="java.lang.String">
            <column name="Title" />
        </property>
        <property name="hdate" type="java.lang.String">
            <column name="HDate" length="20" not-null="true" />
        </property>
        <property name="pirce" type="java.lang.Double">
            <column name="Pirce" precision="53" scale="0" not-null="true" />
        </property>
        <property name="size" type="java.lang.Double">
            <column name="Size" precision="53" scale="0" not-null="true" />
        </property>
        <property name="houseFloor" type="java.lang.Integer">
            <column name="HouseFloor" />
        </property>
        <property name="decoration" type="java.lang.Integer">
            <column name="Decoration" />
        </property>
        <property name="orientation" type="java.lang.Integer">
            <column name="Orientation" />
        </property>
        <property name="remark" type="java.lang.String">
            <column name="Remark" />
        </property>
        <property name="havailability" type="java.lang.Integer">
            <column name="HAvailability" not-null="true" />
        </property>
        <property name="hauthenticity" type="java.lang.Integer">
            <column name="HAuthenticity" not-null="true" />
        </property>
    </class>
</hibernate-mapping>
