<?xml version="1.0" encoding="utf-8"?>
<!DOCTYPE hibernate-mapping PUBLIC "-//Hibernate/Hibernate Mapping DTD 3.0//EN"
"http://hibernate.sourceforge.net/hibernate-mapping-3.0.dtd">
<!-- 
    Mapping file autogenerated by MyEclipse Persistence Tools
-->
<hibernate-mapping>
    <class name="com.chinasoft.pojo.Region" table="Region" schema="dbo" catalog="RealEstate">
        <id name="regionId" type="java.lang.Integer">
            <column name="Region_id" />
            <generator class="native" />
        </id>
        <property name="province" type="java.lang.String">
            <column name="Province" not-null="true" />
        </property>
        <property name="city" type="java.lang.String">
            <column name="City" not-null="true" />
        </property>
        <property name="county" type="java.lang.String">
            <column name="County" not-null="true" />
        </property>
        <set name="houseBuyRents" inverse="true">
            <key>
                <column name="Region_id" not-null="true" />
            </key>
            <one-to-many class="com.chinasoft.pojo.HouseBuyRent" />
        </set>
        <set name="houseSellRents" inverse="true">
            <key>
                <column name="Region_id" not-null="true" />
            </key>
            <one-to-many class="com.chinasoft.pojo.HouseSellRent" />
        </set>
        <set name="houseBuyRequests" inverse="true">
            <key>
                <column name="Region_id" not-null="true" />
            </key>
            <one-to-many class="com.chinasoft.pojo.HouseBuyRequest" />
            </set>
        <set name="houseSellSecondhands" inverse="true">
            <key>
                <column name="Region_id" />
            </key>
            <one-to-many class="com.chinasoft.pojo.HouseSellSecondhand" />
        </set>
        
    </class>
</hibernate-mapping>
