<?xml version="1.0" encoding="utf-8"?>
<!DOCTYPE hibernate-mapping PUBLIC "-//Hibernate/Hibernate Mapping DTD 3.0//EN"
"http://hibernate.sourceforge.net/hibernate-mapping-3.0.dtd">
<!-- 
    Mapping file autogenerated by MyEclipse Persistence Tools
-->
<hibernate-mapping>
    <class name="com.chinasoft.pojo.Transactions" table="Transactions" schema="dbo" catalog="RealEstate">
        <id name="id" type="java.lang.Integer">
            <column name="id" />
            <generator class="native" />
        </id>
        <property name="usellId" type="java.lang.Integer">
            <column name="Usell_id" not-null="true" />
        </property>
        <property name="ubuyId" type="java.lang.Integer">
            <column name="Ubuy_id" not-null="true" />
        </property>
        <property name="transType" type="java.lang.Integer">
            <column name="Trans_type" not-null="true" />
        </property>
        <property name="HId" type="java.lang.Integer">
            <column name="H_id" not-null="true" />
        </property>
        <property name="transDate" type="java.lang.String">
            <column name="Trans_date" length="10" not-null="true" />
        </property>
    </class>
</hibernate-mapping>
